{
  "project_info": {
    "project_number": "555182714292",
    "firebase_url": "https://androidlocation-cdecd.firebaseio.com",
    "project_id": "androidlocation-cdecd",
    "storage_bucket": "androidlocation-cdecd.appspot.com"
  },
  "client": [
    {
      "client_info": {
        "mobilesdk_app_id": "1:555182714292:android:4c9a2e632702a91609d6e1",
        "android_client_info": {
          "package_name": "info.androidhive.androidlocation"
        }
      },
      "oauth_client": [
        {
          "client_id": "555182714292-mch0h6352ssodcumtc4hocuk32ogfuhj.apps.googleusercontent.com",
          "client_type": 3
        }
      ],
      "api_key": [
        {
          "current_key": "AIzaSyDIRSAH5wzYAImdgYqxUAxerGu02EeHzrw"
        }
      ],
      "services": {
        "appinvite_service": {
          "other_platform_oauth_client": [
            {
              "client_id": "555182714292-mch0h6352ssodcumtc4hocuk32ogfuhj.apps.googleusercontent.com",
              "client_type": 3
            }
          ]
        }
      }
    }
  ],
  "configuration_version": "1"
}